INSERT INTO `pharmacy` (`id_pharmacy`,`pharmacy_name`,`pharmacy_address`) VALUES
  (1,'Gerlach-Hand','0681 Hazelcrest Plaza'),
  (2,'Hirthe-McLaughlin','87 Ohio Pass'),
  (3,'Graham LLC','5825 Jana Point'),
  (4,'Yundt and Sons','86 Heath Center'),
  (5,'Robel LLC','480 Shelley Pass'),
  (6,'Waters-Bergstrom','30374 Southridge Trail'),
  (7,'Brekke-Bahringer','2746 Northview Park'),
  (8,'Swaniawski LLC','6667 Rockefeller Trail'),
  (9,'Stark LLC','9 Del Mar Center'),
  (10,'Wunsch, Buckridge and O''Keefe','100 Knutson Court'),
  (11,'Rath-Heidenreich','35 Donald Circle'),
  (12,'Cassin Group','188 Sunbrook Crossing'),
  (13,'Douglas LLC','70 Hazelcrest Place'),
  (14,'Wisozk-Kassulke','32 Macpherson Plaza'),
  (15,'Bogisich-Cummerata','3208 Farwell Road'),
  (16,'Dibbert Group','990 Arizona Court'),
  (17,'Wisoky Group','1 Victoria Point'),
  (18,'Pouros, Carter and Halvorson','048 Carberry Place'),
  (19,'Kris-Murray','68688 Lien Street'),
  (20,'Schamberger-O''Kon','6 Main Place'),
  (21,'Streich, MacGyver and Green','6 Crescent Oaks Center'),
  (22,'Terry Inc','82 Muir Trail'),
  (23,'Tremblay, Collier and Ward','5 Swallow Junction'),
  (24,'Kessler, Hagenes and Bartoletti','524 Aberg Lane'),
  (25,'White-Mueller','27100 Ludington Lane'),
  (26,'Gusikowski, Funk and Reichert','251 Truax Street'),
  (27,'Nolan, Veum and Jacobi','31161 Gateway Street'),
  (28,'Buckridge Group','958 Sutherland Road'),
  (29,'Renner, Schumm and Dickinson','1 Caliangt Avenue'),
  (30,'O''Conner-Hegmann','4 Hoard Way'),
  (31,'Rutherford and Sons','0694 Sloan Center'),
  (32,'Howell Group','8 Raven Crossing'),
  (33,'Stroman Inc','160 Merchant Trail'),
  (34,'Jacobi, Thompson and Mosciski','544 Little Fleur Terrace'),
  (35,'Larkin, Larson and Kuvalis','19 Sullivan Drive'),
  (36,'Beahan-Ullrich','42 Monument Lane'),
  (37,'Schamberger-Zemlak','15073 Farwell Lane'),
  (38,'Zulauf, Strosin and Bartell','79 Scofield Center'),
  (39,'Durgan, Hessel and Williamson','5476 Goodland Center'),
  (40,'Kutch-Blanda','128 Eagle Crest Crossing'),
  (41,'Orn, Carter and Mertz','5830 Erie Park'),
  (42,'Prohaska, Jacobi and Bogisich','78621 Graceland Plaza'),
  (43,'Hermann, Hyatt and Hayes','1 Ridgeway Hill'),
  (44,'Bode, Vandervort and Jacobson','3 Grayhawk Terrace'),
  (45,'Schaden Inc','01060 Bobwhite Way'),
  (46,'Hagenes, Upton and Macejkovic','00626 Buhler Road'),
  (47,'Lowe Inc','1 Esker Point'),
  (48,'Hagenes, Wintheiser and Mohr','92552 North Park'),
  (49,'Jacobs, Macejkovic and Wuckert','26 Goodland Park'),
  (50,'Kuhic Inc','1293 Holy Cross Point'),
  (51,'Metz, Pacocha and Collins','3 Becker Crossing'),
  (52,'West-Pacocha','76290 Granby Avenue'),
  (53,'Douglas, Goodwin and Kreiger','70973 Village Avenue'),
  (54,'Grimes Group','8 Kim Plaza'),
  (55,'Gerhold-Jast','0 Mendota Trail'),
  (56,'Keebler-Mann','7 Mcbride Alley'),
  (57,'Hahn-Mante','435 Starling Park'),
  (58,'Lynch and Sons','25693 Melvin Place'),
  (59,'Koelpin-Donnelly','9 Heffernan Point'),
  (60,'Predovic Group','3858 Algoma Trail'),
  (61,'Purdy, McDermott and Gerlach','640 Norway Maple Center'),
  (62,'Armstrong-Gulgowski','9593 Thackeray Way'),
  (63,'Skiles, Fay and Hintz','70 Milwaukee Point'),
  (64,'Maggio, Hodkiewicz and Mohr','5 Alpine Pass'),
  (65,'Funk-Dicki','277 Trailsway Parkway'),
  (66,'Cummerata, Doyle and Jaskolski','882 Pond Street'),
  (67,'Smitham and Sons','58 Mosinee Hill'),
  (68,'Hansen-Kautzer','7 Springview Alley'),
  (69,'Mraz, Zulauf and Wilderman','2 Kennedy Place'),
  (70,'Hand, Wintheiser and Wunsch','1 Talmadge Plaza'),
  (71,'Schumm-Block','9943 Anhalt Junction'),
  (72,'Schoen and Sons','933 Green Ridge Pass'),
  (73,'DuBuque and Sons','1 Starling Avenue'),
  (74,'Nader, Gibson and Kilback','9 Judy Circle'),
  (75,'McClure Group','1553 Ridgeway Crossing'),
  (76,'Mertz-Bartell','6 Eliot Court'),
  (77,'Harber-Abshire','15556 Manley Drive'),
  (78,'Adams-O''Reilly','0 Gateway Hill'),
  (79,'Kirlin LLC','83551 Pond Point'),
  (80,'Fisher-Hamill','6508 Prairieview Road'),
  (81,'Fisher, Anderson and Swift','29 Colorado Road'),
  (82,'Zieme LLC','49 Maryland Parkway'),
  (83,'Kilback, Hane and Klocko','0567 Warner Parkway'),
  (84,'Walter-Torphy','06038 Rowland Alley'),
  (85,'Herzog and Sons','2 Badeau Drive'),
  (86,'Greenholt-Kuhn','58 Duke Junction'),
  (87,'Becker, Powlowski and Senger','399 Starling Drive'),
  (88,'Wilkinson and Sons','9922 Morning Court'),
  (89,'Daniel, Kiehn and Nicolas','26638 Emmet Crossing'),
  (90,'Paucek-Baumbach','9094 Sauthoff Avenue'),
  (91,'Mohr Inc','62 Vermont Way'),
  (92,'Aufderhar-Buckridge','17 Daystar Parkway'),
  (93,'Goyette, Wiza and Swaniawski','6 Westridge Crossing'),
  (94,'Hackett, Nienow and Ratke','17208 Redwing Avenue'),
  (95,'Ziemann Group','87 Brickson Park Circle'),
  (96,'Stehr-Bogan','8 Green Trail'),
  (97,'Weissnat, Witting and Goodwin','2 Mayfield Junction'),
  (98,'Kirlin, Bayer and Crooks','7564 Beilfuss Street'),
  (99,'Herman-Kris','4219 Northridge Center'),
  (100,'Bahringer Group','296 Lakeland Way'),
  (101,'Herman Group','01120 Sage Center'),
  (102,'Kub Inc','62 Coleman Plaza'),
  (103,'Hagenes, Schoen and Gottlieb','1 Rockefeller Hill'),
  (104,'Schowalter-Auer','72344 Towne Street'),
  (105,'Kihn LLC','5 Parkside Point'),
  (106,'Murphy-Stracke','366 Eastwood Place'),
  (107,'Koch Group','26540 Claremont Avenue'),
  (108,'Pacocha-Brakus','546 Alpine Parkway'),
  (109,'Abshire Group','29 Prairieview Crossing'),
  (110,'Farrell, Armstrong and Cummerata','5 Green Ridge Park'),
  (111,'Zulauf-Johnson','4593 Erie Circle'),
  (112,'Kub, Eichmann and Gutmann','52286 Cardinal Lane'),
  (113,'Dickinson Inc','46827 Sauthoff Junction'),
  (114,'Champlin, Hoeger and Cummings','8 Anniversary Drive'),
  (115,'Gorczany Inc','9 Roxbury Drive'),
  (116,'Bogan LLC','27 Buena Vista Street'),
  (117,'Lehner, Stehr and Herman','9 Center Trail'),
  (118,'Pouros, Mayer and Kuhlman','2 Russell Way'),
  (119,'Rippin-Welch','60620 Weeping Birch Lane'),
  (120,'Blanda-Cassin','9 Sullivan Terrace'),
  (121,'Littel, McLaughlin and Altenwerth','6243 Prentice Court'),
  (122,'Kohler Group','30 Arizona Hill'),
  (123,'Stiedemann, Little and Nitzsche','4183 Jenna Street'),
  (124,'Hartmann-Aufderhar','5 Warrior Plaza'),
  (125,'Lemke, Mills and Rau','2 Fuller Drive'),
  (126,'Purdy, Wisoky and Cartwright','691 Crowley Circle'),
  (127,'Kris-Dare','30 Summer Ridge Junction'),
  (128,'Wisoky, Schultz and Fisher','33355 Cordelia Plaza'),
  (129,'Gorczany, Hettinger and Boyle','09 Northport Park'),
  (130,'Eichmann-Howe','8980 Armistice Street'),
  (131,'Goyette, Ondricka and Stark','6249 Mariners Cove Junction'),
  (132,'Von-Littel','248 Luster Circle'),
  (133,'Marks-Corwin','7117 Tomscot Point'),
  (134,'Funk, Hahn and Sanford','99 Scott Junction'),
  (135,'Funk, Corwin and Connelly','27545 Brown Parkway'),
  (136,'Cremin-Kertzmann','43512 Stephen Junction'),
  (137,'Ledner-Turner','94448 Golden Leaf Road'),
  (138,'Hagenes, Hegmann and Wiza','54955 Sloan Way'),
  (139,'Olson-Monahan','619 Twin Pines Terrace'),
  (140,'Reilly-Murray','74 Hayes Lane'),
  (141,'Dooley LLC','6890 Harper Junction'),
  (142,'Langworth, Jaskolski and Gibson','896 Loftsgordon Place'),
  (143,'Zulauf and Sons','4 Lakewood Center'),
  (144,'Hodkiewicz-Von','7807 Prairieview Terrace'),
  (145,'Vandervort-Larkin','477 Myrtle Alley'),
  (146,'Welch and Sons','6 Graceland Terrace'),
  (147,'Hudson-Block','12 Texas Crossing'),
  (148,'Schmidt, Lockman and Walsh','005 Comanche Way'),
  (149,'Balistreri, Predovic and Kilback','5 Kipling Way'),
  (150,'Hackett-Connelly','574 Corscot Trail');

INSERT INTO `medicine` (`id_medicine`,`medicine_name`,`duration_of_standard_treatment_course`) VALUES
  (1,'daytime nitetime',16),
  (2,'Instant Hand Sanitizer - Original',18),
  (3,'Lorcet Plus',17),
  (4,'Potassium Chloride',1),
  (5,'Ultra-TechneKow',24),
  (6,'PULMICORT RESPULES',7),
  (7,'Halls',38),
  (8,'Olive Pollen',13),
  (9,'SEROQUEL',13),
  (10,'PERIOSCIENCES White Care AO Pro',7),
  (11,'Glyburide and Metformin',18),
  (12,'CeraVe',11),
  (13,'Hydromorphone Hydrochloride',14),
  (14,'Type 7 Stress Anxiety Regular',29),
  (15,'Zolvit',34),
  (16,'FORTAZ',9),
  (17,'Stem Cell Whitening Serum',19),
  (18,'Oral hCG Activator',26),
  (19,'Tirosint',14),
  (20,'SMART SENSE',34),
  (21,'Clearasil Ultra',14),
  (22,'Urban Decay Naked Skin Dark Beauty Balm SPF20',11),
  (23,'ESIKA',30),
  (24,'COUMADIN',9),
  (25,'XtraCare Dandruff Hair Wash',40),
  (26,'BACTROBAN',5),
  (27,'Erythromycin',40),
  (28,'smooth lax',26),
  (29,'PROVENCE MAKEUP BASE',32),
  (30,'Benicar Hct',5),
  (31,'Shopko Camphor Phenol Gel',31),
  (32,'Hand Saver',24),
  (33,'OPANA',16),
  (34,'Sugar Maple',5),
  (35,'Artificial Tears',31),
  (36,'Aspirin',29),
  (37,'Amoxicillin',2),
  (38,'Antacid Antigas',28),
  (39,'Famotidine',24),
  (40,'Fexofenadine',31),
  (41,'Minoxidil',9),
  (42,'Diabetic Maximum Strength Siltussin DM DAS-Na',12),
  (43,'Midazolam',20),
  (44,'Appetite Control',25),
  (45,'HYDROCODONE BITARTRATE AND ACETAMINOPHEN',11),
  (46,'Timolol GFS',33),
  (47,'Benztropine Mesylate',4),
  (48,'Nystatin',29),
  (49,'Sudo-Tab PE',29),
  (50,'Bisacodyl',37),
  (51,'Hydrocodone Bitartrate and Acetaminophen',38),
  (52,'3M Skin and Nasal Antiseptic',28),
  (53,'Amlodipine besylate and Atorvastatin calcium',13),
  (54,'Aspirin',10),
  (55,'Sodium Sulfacetamide and Sulfur',33),
  (56,'4 in 1 Pressed Mineral SPF 15 Medium Dark',25),
  (57,'Lithium Carbonate',28),
  (58,'Cold and Hot Medicated Pain Relief Large',32),
  (59,'UltrasolSunscreen',24),
  (60,'Facility Maintenance Instant Hand Sanitizer HS-67',22),
  (61,'Miconazole 3 Combination Pack',3),
  (62,'Equate antacid',11),
  (63,'OXYGEN',19),
  (64,'Body Luxuries French Lavender Scented Waterless Anti Bacterial Hand gel',37),
  (65,'Topcare Day Time Nite Time',38),
  (66,'Coppertone Sport',10),
  (67,'Oxygen',24),
  (68,'leader antacid',40),
  (69,'Neutrogena MoistureShine SPF20',28),
  (70,'LAMICTAL',34),
  (71,'ALTAVERA',8),
  (72,'Smut, Corn',38),
  (73,'Lansoprazole',6),
  (74,'CRESTOR',1),
  (75,'Sanafitil Talco',19),
  (76,'BenzePrO',7),
  (77,'ULTRA THERAPY PAIN RELIEF',39),
  (78,'Divigel',35),
  (79,'Nasal Guard',7),
  (80,'Cheratussin AC',29),
  (81,'Diathesis',33),
  (82,'Tretinoin',31),
  (83,'ELF Mineral Lip Tint SPF 8',19),
  (84,'Papaya Mango Antibacterial Hand',38),
  (85,'BAROX S',38),
  (86,'Verapamil',16),
  (87,'Sulfamethoxazole and Trimethoprim',6),
  (88,'VERMA HP',37),
  (89,'H-Fissures Formula',26),
  (90,'Clorazepate Dipotassium',35),
  (91,'Naltrexone Hydrochloride',8),
  (92,'antifungal',16),
  (93,'Lamotrigine',11),
  (94,'isosorbide mononitrate',24),
  (95,'Soothe Hydration',24),
  (96,'Stribild',15),
  (97,'Nystatin',23),
  (98,'Topiramate',40),
  (99,'ELIXOPHYLLIN',10),
  (100,'Divalproex Sodium',7),
  (101,'Lyrica',5),
  (102,'cephalexin',39),
  (103,'Tranexamic Acid',21),
  (104,'Nutropin AQ Pen 10',35),
  (105,'Tow Mater Sun Smacker SPF 24 Tow-Tally Orange',20),
  (106,'CortiSil MDX',33),
  (107,'SORE THROAT',27),
  (108,'Alcohol Prep Pads with Pain Relief',19),
  (109,'Azithromycin',26),
  (110,'Ban',33),
  (111,'Welchol',22),
  (112,'CYCLOBENZAPRINE HYROCHLORIDE',37),
  (113,'Stress - Panic',13),
  (114,'clomiphene citrate',6),
  (115,'BeCause Antibacterial Hand',4),
  (116,'Medline Alcohol Swabstick',27),
  (117,'KADCYLA',5),
  (118,'Privet',13),
  (119,'Doxepin Hydrochloride',22),
  (120,'Pollens - Trees, Walnut, Black Juglans nigra',12),
  (121,'United Labs Instant Foam',27),
  (122,'Acetaminophen',22),
  (123,'Donepezil hydrochloride',19),
  (124,'ACT Total Care Anticavity Fluoride Fresh Mint',3),
  (125,'Degree',28),
  (126,'Match Perfection SPF 18',34),
  (127,'OXYGEN',18),
  (128,'Divalproex Sodium',22),
  (129,'Fluocinonide',39),
  (130,'NOT YET DEFINED',17),
  (131,'LBEL Couleur Luxe Rouge Amplifier XP amplifying SPF 15',23),
  (132,'SOLIDAGO CANADENSIS POLLEN',30),
  (133,'Dimenhydrinate',32),
  (134,'Moexipril Hydrochloride',23),
  (135,'Warfarin Sodium',37),
  (136,'zermat Antiperspirant Deodorant Roll-on for Women',40),
  (137,'Naproxen',38),
  (138,'Prempro',6),
  (139,'Biological Complex',36),
  (140,'Terazol 3',6),
  (141,'Dandruff',15),
  (142,'Nifedipine',24),
  (143,'Common Sage Pollen',16),
  (144,'Bromfenac',10),
  (145,'Camptosar',1),
  (146,'Shopko Antibacterial Deep Cleansing Hand',24),
  (147,'AVENA SATIVA',7),
  (148,'Niravam',23),
  (149,'Gelsemium',32),
  (150,'Ursodiol',10);

INSERT INTO `pharmacological_company` (`id_company`,`company_name`,`foundation_year`) VALUES
  (1,'Nlounge',2006),
  (2,'Demizz',2012),
  (3,'Plajo',2008),
  (4,'Skidoo',2004),
  (5,'Podcat',2002),
  (6,'Feedfish',1996),
  (7,'Demizz',1996),
  (8,'Dabvine',1998),
  (9,'Yodel',1995),
  (10,'Realcube',2004),
  (11,'Topicware',2007),
  (12,'Yotz',1999),
  (13,'Riffwire',2002),
  (14,'Twiyo',1997),
  (15,'Browsedrive',2008),
  (16,'Skynoodle',2005),
  (17,'Rhyzio',1986),
  (18,'Mycat',1995),
  (19,'Zoomdog',1996),
  (20,'Mybuzz',2003),
  (21,'Centimia',1963),
  (22,'Abatz',1987),
  (23,'Tazzy',2002),
  (24,'Einti',2002),
  (25,'Quimba',2005),
  (26,'Topicshots',2007),
  (27,'Voolith',1994),
  (28,'Agivu',1994),
  (29,'Gigabox',2003),
  (30,'Kayveo',2004),
  (31,'Skimia',2002),
  (32,'Browsetype',2000),
  (33,'Gabtune',2007),
  (34,'Demivee',2009),
  (35,'Skinder',2004),
  (36,'Trilith',2008),
  (37,'Zoomzone',2001),
  (38,'Yozio',2009),
  (39,'Twitternation',1996),
  (40,'Janyx',1995),
  (41,'Zoombox',2003),
  (42,'Twimm',2012),
  (43,'Divavu',2007),
  (44,'Aibox',1998),
  (45,'Skipfire',1997),
  (46,'Quinu',1998),
  (47,'Zoonder',2002),
  (48,'Nlounge',1986),
  (49,'Yombu',2006),
  (50,'Thoughtbridge',2008),
  (51,'Twitternation',1988),
  (52,'Mynte',2011),
  (53,'Browsecat',1999),
  (54,'Divanoodle',2003),
  (55,'Photobug',1998),
  (56,'Yadel',1995),
  (57,'JumpXS',1993),
  (58,'Twitterworks',2003),
  (59,'Mudo',1987),
  (60,'Shufflester',2011),
  (61,'Meevee',1965),
  (62,'Roomm',2001),
  (63,'Gabcube',2010),
  (64,'Devify',2009),
  (65,'Rhyzio',2002),
  (66,'Photojam',2005),
  (67,'Skyble',2000),
  (68,'Jabbersphere',2002),
  (69,'Flashspan',2007),
  (70,'Thoughtsphere',1998),
  (71,'Yombu',1990),
  (72,'Rhycero',1994),
  (73,'Janyx',2001),
  (74,'Oloo',2001),
  (75,'Jetwire',2002),
  (76,'Ainyx',1992),
  (77,'Riffpedia',1998),
  (78,'Jayo',1992),
  (79,'Mymm',2010),
  (80,'Jabbercube',1986),
  (81,'Yata',2002),
  (82,'Yamia',1997),
  (83,'Thoughtbeat',1965),
  (84,'Layo',2001),
  (85,'Yodoo',2009),
  (86,'Tazzy',2012),
  (87,'Divanoodle',1995),
  (88,'Voomm',2009),
  (89,'Tagopia',2005),
  (90,'Meetz',2002),
  (91,'Jabberstorm',1985),
  (92,'Jaloo',1999),
  (93,'Voonix',2012),
  (94,'Eire',2000),
  (95,'Photobean',2011),
  (96,'Mita',2013),
  (97,'Vidoo',2008),
  (98,'Jabberstorm',1996),
  (99,'Dabfeed',1991),
  (100,'Skynoodle',2008),
  (101,'Zoomzone',2007),
  (102,'Linkbridge',2007),
  (103,'Bubblebox',1995),
  (104,'Pixope',1987),
  (105,'Twitternation',2005),
  (106,'Lazzy',1997),
  (107,'Layo',1992),
  (108,'Avavee',1992),
  (109,'Zoomcast',2000),
  (110,'Kwideo',2008),
  (111,'Tekfly',1992),
  (112,'Youopia',2012),
  (113,'Camimbo',2003),
  (114,'Wikizz',2004),
  (115,'Twitterlist',1994),
  (116,'Realbuzz',1999),
  (117,'Ntag',2011),
  (118,'Аргус',2012),
  (119,'Jayo',2006),
  (120,'JumpXS',2002),
  (121,'Innojam',2011),
  (122,'Linkbuzz',1995),
  (123,'Twitterbridge',2009),
  (124,'Yoveo',1996),
  (125,'Aimbu',2010),
  (126,'Reallinks',2012),
  (127,'Kwinu',1992),
  (128,'Twitterwire',2002),
  (129,'Browseblab',1994),
  (130,'Zoomzone',1996),
  (131,'Meeveo',1987),
  (132,'Twitterbridge',1974),
  (133,'Skilith',1988),
  (134,'Skilith',1990),
  (135,'Jabbercube',2004),
  (136,'Browseblab',1993),
  (137,'Vidoo',2011),
  (138,'Thoughtstorm',1993),
  (139,'Edgeclub',1997),
  (140,'Lazz',2011),
  (141,'Voomm',2009),
  (142,'Blogtag',2008),
  (143,'Pixope',2005),
  (144,'Twitterwire',2012),
  (145,'Cogilith',1987),
  (146,'Zazio',1992),
  (147,'Gigazoom',2012),
  (148,'Topicshots',1973),
  (149,'Katz',2000),
  (150,'Leexo',2012);

INSERT INTO `company_dealer` (`id_dealer`,`id_company`,`surname`,`phone_number`) VALUES
  (1,74,'Pinkney','488-689-6005'),
  (2,80,'Parmer','159-609-2613'),
  (3,21,'Auton','953-744-6483'),
  (4,26,'Hogbourne','689-151-7020'),
  (5,92,'Corr','832-319-2935'),
  (6,20,'Judd','634-784-1003'),
  (7,6,'Browning','285-702-3577'),
  (8,96,'Demangel','245-681-5919'),
  (9,111,'Shalliker','835-893-6810'),
  (10,91,'Whittlesea','617-901-4233'),
  (11,106,'Hawkin','498-591-8238'),
  (12,8,'Ferryn','172-165-2767'),
  (13,145,'Bangiard','706-518-6162'),
  (14,126,'Allner','970-249-2138'),
  (15,129,'MacMichael','303-872-5887'),
  (16,70,'De Bischop','158-158-7111'),
  (17,15,'Swire','898-970-3537'),
  (18,54,'Casoni','571-169-3108'),
  (19,23,'Maharg','558-711-4342'),
  (20,52,'Skoggings','911-932-3199'),
  (21,89,'Brookes','943-445-5223'),
  (22,121,'Mutter','283-229-8607'),
  (23,71,'Norcop','439-188-4874'),
  (24,119,'Blaskett','231-144-9000'),
  (25,128,'MacCardle','423-431-8990'),
  (26,101,'Carbine','101-495-9608'),
  (27,104,'Kleiner','419-727-2729'),
  (28,38,'Lefeuvre','883-945-2298'),
  (29,30,'Houldey','689-629-3337'),
  (30,143,'Melrose','556-417-4910'),
  (31,90,'Babcock','568-491-3531'),
  (32,81,'Pallatina','917-418-6740'),
  (33,75,'Cheal','808-258-2537'),
  (34,17,'Huntriss','981-422-7884'),
  (35,150,'Ivons','887-581-4652'),
  (36,57,'Sommerville','755-123-2408'),
  (37,34,'Amthor','598-480-5636'),
  (38,46,'Kinsett','340-542-1018'),
  (39,26,'Warder','711-396-0861'),
  (40,130,'Dickey','172-215-5338'),
  (41,35,'Grievson','742-958-9688'),
  (42,79,'Wealleans','926-548-5681'),
  (43,100,'Carney','789-889-8120'),
  (44,14,'Eglise','919-138-7519'),
  (45,123,'Marchent','287-302-8710'),
  (46,76,'Amburgy','340-391-1284'),
  (47,28,'Ramstead','686-541-6660'),
  (48,78,'Godleman','857-695-6423'),
  (49,143,'Slide','695-774-8140'),
  (50,101,'McDuall','575-214-9458'),
  (51,62,'Longthorne','603-650-1764'),
  (52,12,'Tweedle','348-585-6119'),
  (53,52,'Glitherow','269-772-1833'),
  (54,128,'Blandamore','482-662-2818'),
  (55,63,'Deverose','694-232-0527'),
  (56,63,'Gateley','258-108-7716'),
  (57,121,'Scrowby','728-557-1711'),
  (58,4,'Fasler','507-911-1364'),
  (59,44,'Speechly','814-191-6842'),
  (60,90,'Hourahan','238-352-0553'),
  (61,66,'Eddowes','848-704-8274'),
  (62,106,'Snozzwell','634-417-7062'),
  (63,105,'Plumbley','205-820-4623'),
  (64,77,'Jephson','473-910-0120'),
  (65,29,'Brundle','815-236-8635'),
  (66,7,'Secretan','648-608-3667'),
  (67,78,'Heddy','780-310-9287'),
  (68,69,'Jansky','867-925-2287'),
  (69,121,'Grestye','323-843-5918'),
  (70,136,'Rooze','810-577-4669'),
  (71,132,'Lawfull','877-714-5030'),
  (72,87,'Stowe','918-430-2682'),
  (73,87,'Nibley','192-590-8863'),
  (74,13,'Mattys','533-571-7902'),
  (75,6,'Weinmann','378-586-5511'),
  (76,64,'Struys','119-620-4018'),
  (77,109,'Convery','667-516-7060'),
  (78,138,'Antonetti','107-914-1655'),
  (79,94,'Phant','782-702-3812'),
  (80,3,'Aspling','234-452-2601'),
  (81,49,'Grewes','583-630-9153'),
  (82,96,'Hallyburton','924-167-5301'),
  (83,55,'Jonczyk','677-772-6731'),
  (84,141,'Dockwray','463-541-6931'),
  (85,32,'Vernay','973-867-7868'),
  (86,11,'Geddes','333-518-5382'),
  (87,103,'Foresight','297-943-9267'),
  (88,110,'Ives','509-273-8642'),
  (89,91,'Glawsop','227-617-0243'),
  (90,145,'Michie','991-712-3834'),
  (91,83,'Flello','827-380-8689'),
  (92,10,'Licciardi','718-384-8330'),
  (93,141,'Millership','139-740-0978'),
  (94,65,'McLeish','287-580-5285'),
  (95,24,'Kellog','541-790-1495'),
  (96,29,'Rawle','315-991-2113'),
  (97,82,'Komorowski','103-180-6007'),
  (98,19,'Gilmartin','693-994-1450'),
  (99,109,'Duligall','588-202-6133'),
  (100,108,'Kinworthy','650-109-5016'),
  (101,12,'Tettley','612-248-7867'),
  (102,33,'Queripel','638-610-9877'),
  (103,14,'Perotti','806-581-2457'),
  (104,94,'Stallard','116-374-0430'),
  (105,3,'Grimston','357-907-3755'),
  (106,110,'Simmans','751-873-8292'),
  (107,39,'Humpherston','228-341-7193'),
  (108,102,'Gentry','230-339-9934'),
  (109,90,'Woollons','340-812-9196'),
  (110,150,'Muffitt','359-801-7667'),
  (111,99,'McGaughay','904-191-4304'),
  (112,120,'Venditto','166-936-7190'),
  (113,109,'Hingeley','232-146-0995'),
  (114,41,'Moquin','864-499-7648'),
  (115,72,'Lys','719-528-4190'),
  (116,128,'Jest','907-948-8503'),
  (117,58,'Spittles','205-108-7150'),
  (118,128,'Bilton','992-638-8541'),
  (119,95,'Cowling','196-584-8409'),
  (120,105,'Luparto','763-701-4869'),
  (121,37,'Wroath','463-477-8859'),
  (122,19,'Fargher','693-197-6242'),
  (123,112,'Gullane','680-484-2648'),
  (124,101,'O''Shavlan','515-172-8010'),
  (125,65,'Lamy','330-191-0745'),
  (126,113,'Terrazzo','386-342-2662'),
  (127,19,'Bramstom','813-474-4275'),
  (128,32,'Betser','265-391-5701'),
  (129,78,'Ilewicz','131-620-7410'),
  (130,88,'Gartside','698-239-4951'),
  (131,18,'Ferminger','259-213-9411'),
  (132,118,'Metheringham','173-684-6756'),
  (133,69,'Cowoppe','445-889-2242'),
  (134,144,'Carroll','429-566-7041'),
  (135,20,'Fyall','145-920-1980'),
  (136,82,'Eirwin','894-486-9484'),
  (137,130,'Bennett','353-515-2009'),
  (138,63,'Hellwig','541-868-2360'),
  (139,60,'Tiddy','483-465-5152'),
  (140,118,'Ahlin','212-513-4406'),
  (141,143,'Treske','939-975-8319'),
  (142,45,'Penchen','886-386-6893'),
  (143,102,'Bynold','462-336-8371'),
  (144,48,'Ballinghall','820-736-3528'),
  (145,17,'BURWIN','379-877-4333'),
  (146,71,'Medley','585-677-2716'),
  (147,87,'Degan','747-925-1294'),
  (148,136,'Hyde-Chambers','272-598-1905'),
  (149,68,'Seville','363-588-1321'),
  (150,52,'Khristyukhin','587-699-1203');

INSERT INTO `medicines_manufacture` (`id_lot`,`id_company`,`id_medicine`,`unit_value`,`quality_control`) VALUES
  (1,117,5,2957.98,3),
  (2,30,96,1194.48,3),
  (3,83,140,2904.38,4),
  (4,84,80,2452.93,6),
  (5,144,67,3295.38,4),
  (6,20,3,1340.74,7),
  (7,76,40,1739.61,2),
  (8,44,16,3986.66,2),
  (9,47,101,2055.86,7),
  (10,130,16,3271.34,5),
  (11,5,40,2565.26,5),
  (12,30,63,3015.27,10),
  (13,72,90,2308.74,4),
  (14,20,127,3376.23,5),
  (15,34,6,1711.3,9),
  (16,116,70,3112.96,0),
  (17,16,115,560.4,5),
  (18,134,52,2616.64,2),
  (19,63,148,1707.0,10),
  (20,45,143,949.85,1),
  (21,8,86,1415.75,5),
  (22,37,11,2068.81,3),
  (23,17,130,752.33,4),
  (24,147,145,594.26,10),
  (25,5,42,2392.42,6),
  (26,128,10,702.12,1),
  (27,4,9,980.31,2),
  (28,4,27,1205.73,5),
  (29,10,135,2150.93,2),
  (30,127,36,2361.19,0),
  (31,12,147,2558.26,8),
  (32,86,75,634.05,10),
  (33,91,24,1530.2,1),
  (34,5,102,414.55,4),
  (35,139,113,980.08,3),
  (36,85,35,3680.7,8),
  (37,54,14,3254.72,7),
  (38,91,81,904.27,7),
  (39,73,7,2305.85,4),
  (40,136,73,1956.54,1),
  (41,117,104,3190.84,1),
  (42,104,99,1018.79,4),
  (43,52,47,3681.51,0),
  (44,87,20,2741.42,9),
  (45,111,73,2381.89,9),
  (46,120,21,2627.14,2),
  (47,16,83,3536.29,0),
  (48,98,32,1497.72,6),
  (49,22,7,687.35,6),
  (50,5,73,1624.09,4),
  (51,16,73,852.86,3),
  (52,56,8,1819.56,5),
  (53,111,27,1266.69,4),
  (54,94,30,2676.33,0),
  (55,131,33,2469.51,7),
  (56,6,62,398.68,4),
  (57,118,117,1288.8,1),
  (58,125,45,3729.09,9),
  (59,56,69,476.85,4),
  (60,26,70,3000.28,5),
  (61,128,29,3632.95,1),
  (62,40,7,474.49,9),
  (63,92,62,396.07,5),
  (64,51,127,3989.18,7),
  (65,70,122,2172.84,3),
  (66,3,42,3405.54,1),
  (67,23,58,2415.42,6),
  (68,62,136,2835.77,1),
  (69,129,66,1981.35,5),
  (70,20,131,2887.36,3),
  (71,26,54,1026.58,4),
  (72,17,121,3799.38,6),
  (73,142,141,1285.65,8),
  (74,113,137,2293.83,1),
  (75,106,43,2047.03,2),
  (76,121,142,2751.27,2),
  (77,122,99,2822.7,10),
  (78,46,40,3041.53,0),
  (79,76,116,2123.41,8),
  (80,34,100,1331.55,5),
  (81,28,103,1131.68,1),
  (82,139,150,3412.96,9),
  (83,81,140,2006.23,1),
  (84,14,47,1176.33,3),
  (85,109,71,2321.14,5),
  (86,133,16,1956.31,6),
  (87,127,24,2250.77,7),
  (88,138,52,2299.94,1),
  (89,138,1,3988.87,5),
  (90,140,128,1022.27,4),
  (91,124,64,1385.11,6),
  (92,84,131,1420.65,1),
  (93,24,59,2459.1,1),
  (94,38,142,1631.26,5),
  (95,81,99,1625.07,2),
  (96,122,87,3134.79,9),
  (97,67,58,1613.35,7),
  (98,87,147,1066.99,4),
  (99,118,87,1451.82,9),
  (100,39,16,1663.43,6),
  (101,17,108,1956.96,7),
  (102,56,59,3292.26,10),
  (103,79,61,3029.32,1),
  (104,118,35,3453.4,5),
  (105,38,22,598.7,6),
  (106,127,121,913.62,10),
  (107,103,109,2187.87,6),
  (108,63,92,2625.53,8),
  (109,84,39,2060.97,9),
  (110,104,46,2795.91,2),
  (111,44,19,2372.0,6),
  (112,15,91,270.58,8),
  (113,130,81,1472.33,9),
  (114,8,50,3519.19,6),
  (115,59,60,1064.92,7),
  (116,104,40,3199.6,5),
  (117,18,126,2732.99,10),
  (118,74,114,3551.36,9),
  (119,109,87,341.85,7),
  (120,55,15,2604.51,10),
  (121,31,135,682.62,6),
  (122,131,1,3920.38,4),
  (123,3,4,457.44,0),
  (124,110,83,2451.77,2),
  (125,39,46,3905.16,3),
  (126,40,84,931.24,10),
  (127,34,136,959.4,0),
  (128,20,147,1525.55,10),
  (129,143,90,1004.23,0),
  (130,142,28,2947.31,3),
  (131,57,19,1020.21,4),
  (132,80,143,1403.47,2),
  (133,34,81,1183.98,4),
  (134,80,77,1699.58,7),
  (135,150,45,3019.65,3),
  (136,140,66,1406.64,1),
  (137,2,95,2583.03,0),
  (138,8,103,1691.84,4),
  (139,108,115,508.11,7),
  (140,137,94,582.48,5),
  (141,39,61,3562.97,6),
  (142,70,89,3583.89,2),
  (143,85,17,555.84,3),
  (144,133,125,2090.06,3),
  (145,34,18,1605.24,9),
  (146,78,150,1561.44,10),
  (147,78,134,1211.63,0),
  (148,124,133,1875.79,10),
  (149,1,108,798.23,10),
  (150,78,139,417.77,1);

INSERT INTO `order` (`id_order`,`id_lot`,`id_dealer`,`id_pharmacy`,`order_date`,`medicine_amount`) VALUES
  (1,57,16,69,'2012-06-03 09:05:41',37),
  (2,100,9,30,'2012-05-07 12:35:30',40),
  (3,127,36,137,'2012-04-30 04:40:12',234),
  (4,131,32,58,'2012-06-01 09:24:11',36),
  (5,19,75,35,'2012-04-09 16:21:52',285),
  (6,23,20,137,'2012-05-18 20:03:42',295),
  (7,82,14,17,'2012-05-03 23:43:15',218),
  (8,133,100,15,'2012-04-10 04:16:45',58),
  (9,51,48,128,'2012-05-11 08:45:30',279),
  (10,143,24,48,'2012-05-06 21:08:32',77),
  (11,57,119,22,'2012-04-16 20:57:51',221),
  (12,16,10,93,'2012-05-31 01:23:59',143),
  (13,128,83,77,'2012-05-20 06:17:12',185),
  (14,114,26,14,'2012-05-14 11:36:45',260),
  (15,139,129,95,'2012-05-04 05:23:43',251),
  (16,44,113,120,'2012-05-16 02:36:47',49),
  (17,133,61,69,'2012-05-03 21:25:27',36),
  (18,112,143,55,'2012-04-02 18:58:54',168),
  (19,52,76,35,'2012-04-28 01:20:50',149),
  (20,56,14,105,'2012-04-09 00:31:09',108),
  (21,7,22,87,'2012-04-11 19:30:54',50),
  (22,73,15,25,'2012-04-14 04:09:08',108),
  (23,132,142,49,'2012-04-24 04:38:05',167),
  (24,106,29,19,'2012-04-03 19:56:26',63),
  (25,65,118,12,'2012-05-21 21:11:06',56),
  (26,27,10,98,'2012-04-24 10:46:10',94),
  (27,49,88,82,'2012-05-05 06:19:02',225),
  (28,106,96,92,'2012-04-23 07:23:44',203),
  (29,81,110,73,'2012-06-03 20:34:14',23),
  (30,131,121,49,'2012-05-01 03:12:53',204),
  (31,15,113,127,'2012-04-18 23:47:40',45),
  (32,71,23,16,'2012-05-14 01:38:50',218),
  (33,12,30,39,'2012-04-01 21:11:54',69),
  (34,7,126,133,'2012-05-31 22:35:04',288),
  (35,149,14,144,'2012-06-02 21:33:25',108),
  (36,82,2,25,'2012-05-09 06:53:18',140),
  (37,75,123,79,'2012-05-01 19:59:11',121),
  (38,127,77,18,'2012-05-10 23:22:19',112),
  (39,112,110,131,'2012-04-25 18:22:37',283),
  (40,136,13,119,'2012-05-09 04:04:31',46),
  (41,86,78,137,'2012-04-17 10:59:17',213),
  (42,109,7,13,'2012-05-15 21:46:52',65),
  (43,136,108,112,'2012-04-17 00:29:44',209),
  (44,3,6,113,'2012-04-03 03:09:10',28),
  (45,100,137,59,'2012-04-16 09:27:37',146),
  (46,100,8,73,'2012-05-21 22:52:15',253),
  (47,107,93,19,'2012-04-03 15:24:22',36),
  (48,115,49,101,'2012-05-10 06:08:09',292),
  (49,6,144,82,'2012-04-23 11:38:10',94),
  (50,142,135,34,'2012-05-23 06:59:36',56),
  (51,54,129,63,'2012-04-18 17:02:32',113),
  (52,11,56,49,'2012-05-09 11:58:54',201),
  (53,86,112,76,'2012-05-18 10:09:47',48),
  (54,66,21,5,'2012-05-02 23:40:14',202),
  (55,28,84,19,'2012-04-02 06:06:41',204),
  (56,132,91,81,'2012-05-12 06:13:03',252),
  (57,108,37,95,'2012-04-25 18:28:31',283),
  (58,55,143,91,'2012-05-02 22:37:08',244),
  (59,71,69,26,'2012-04-16 16:08:15',62),
  (60,46,78,129,'2012-05-18 23:13:31',80),
  (61,123,83,92,'2012-05-27 12:37:01',147),
  (62,21,104,35,'2012-04-24 04:35:25',121),
  (63,29,27,95,'2012-04-14 22:27:14',34),
  (64,105,117,146,'2012-04-11 13:43:42',280),
  (65,34,13,100,'2012-05-18 15:40:40',161),
  (66,150,21,13,'2012-05-08 23:05:02',91),
  (67,99,83,46,'2012-05-26 06:30:47',191),
  (68,54,86,147,'2012-04-23 06:32:38',72),
  (69,114,24,93,'2012-05-10 12:19:43',210),
  (70,7,2,4,'2012-06-01 04:00:07',201),
  (71,129,2,75,'2012-05-16 03:42:37',248),
  (72,123,110,95,'2012-05-07 03:02:31',147),
  (73,15,76,53,'2012-05-26 21:52:15',71),
  (74,27,76,120,'2012-05-30 05:54:26',204),
  (75,145,124,147,'2012-04-20 09:09:21',224),
  (76,74,87,38,'2012-05-24 04:33:54',288),
  (77,25,32,61,'2012-05-28 14:36:45',32),
  (78,8,130,97,'2012-04-14 09:39:14',215),
  (79,74,111,145,'2012-05-29 03:51:54',169),
  (80,106,39,128,'2012-05-29 03:48:23',247),
  (81,115,43,63,'2012-04-03 11:34:43',153),
  (82,65,74,125,'2012-05-02 11:38:07',93),
  (83,90,44,93,'2012-05-24 03:18:28',128),
  (84,109,4,62,'2012-04-26 11:56:27',240),
  (85,110,137,10,'2012-04-24 19:49:37',243),
  (86,51,109,5,'2012-05-25 15:15:05',209),
  (87,47,80,50,'2012-04-14 20:54:46',247),
  (88,117,68,37,'2012-06-02 11:39:15',92),
  (89,47,21,16,'2012-04-13 20:52:57',41),
  (90,128,33,52,'2012-05-16 14:14:36',166),
  (91,80,135,109,'2012-06-04 00:47:20',225),
  (92,120,54,86,'2012-05-27 08:44:17',54),
  (93,47,61,44,'2012-05-08 10:33:19',107),
  (94,19,42,109,'2012-05-26 06:01:40',186),
  (95,146,1,13,'2012-04-13 19:07:42',40),
  (96,96,121,10,'2012-04-30 22:38:56',43),
  (97,15,11,75,'2012-05-22 22:29:56',115),
  (98,23,65,38,'2012-05-03 00:29:44',36),
  (99,100,143,66,'2012-05-08 18:49:14',214),
  (100,57,97,45,'2012-04-11 23:49:04',38),
  (101,11,84,11,'2012-05-12 04:01:02',220),
  (102,17,91,111,'2012-05-27 07:21:04',39),
  (103,101,3,107,'2012-04-01 16:49:22',40),
  (104,88,130,143,'2012-05-11 23:59:45',51),
  (105,66,118,118,'2012-04-05 05:02:12',214),
  (106,146,85,34,'2012-04-02 02:48:36',141),
  (107,55,73,47,'2012-05-03 22:30:58',177),
  (108,70,148,1,'2012-05-25 06:01:53',250),
  (109,43,106,77,'2012-05-19 04:25:49',23),
  (110,23,42,11,'2012-05-14 14:23:40',158),
  (111,61,107,85,'2012-06-02 20:11:03',250),
  (112,63,78,27,'2012-04-18 10:29:17',94),
  (113,138,141,55,'2012-05-02 19:02:19',83),
  (114,39,99,47,'2012-05-25 21:17:50',254),
  (115,65,88,72,'2012-05-05 10:08:23',187),
  (116,58,114,61,'2012-05-29 08:54:51',188),
  (117,22,93,10,'2012-04-20 23:10:41',154),
  (118,84,135,99,'2012-05-25 12:45:01',77),
  (119,31,69,137,'2012-05-19 19:37:22',261),
  (120,139,25,80,'2012-05-14 06:38:31',180),
  (121,73,106,117,'2012-04-27 22:45:10',193),
  (122,112,64,35,'2012-04-13 23:41:32',145),
  (123,45,64,64,'2012-05-31 13:55:19',60),
  (124,146,47,65,'2012-04-09 12:11:21',21),
  (125,44,95,111,'2012-04-21 09:08:40',56),
  (126,58,35,30,'2012-04-08 17:26:39',77),
  (127,132,16,11,'2012-05-28 15:13:40',300),
  (128,70,22,35,'2012-04-03 13:45:06',55),
  (129,117,14,112,'2012-04-18 09:12:49',187),
  (130,69,147,3,'2012-05-04 04:24:26',77),
  (131,121,129,2,'2012-04-18 22:40:02',282),
  (132,64,50,64,'2012-05-28 05:52:56',167),
  (133,24,106,23,'2012-05-12 14:36:08',258),
  (134,79,98,1,'2012-05-05 12:00:00',137),
  (135,62,149,81,'2012-04-10 14:08:10',251),
  (136,63,45,12,'2012-04-10 16:59:56',30),
  (137,6,106,129,'2012-05-05 13:25:16',22),
  (138,68,76,53,'2012-05-07 01:00:06',233),
  (139,63,77,15,'2012-06-01 03:04:17',155),
  (140,69,35,140,'2012-05-12 13:48:20',221),
  (141,103,118,141,'2012-05-31 23:42:06',176),
  (142,45,130,142,'2012-06-01 03:43:57',124),
  (143,96,55,97,'2012-05-23 14:51:48',54),
  (144,124,45,116,'2012-05-30 11:30:48',293),
  (145,132,86,91,'2012-05-18 14:13:41',37),
  (146,2,54,102,'2012-04-02 00:06:27',69),
  (147,150,14,70,'2012-05-05 23:22:54',243),
  (148,2,53,3,'2012-04-06 13:53:23',143),
  (149,75,121,146,'2012-04-24 13:18:12',204),
  (150,121,123,19,'2012-04-26 12:40:24',117);







